Acland Burghley School,Acland Burghley
Addington High School,Addington
Aireville School,Aireville
Alcester Grammar School,Alcester Grammar
Alder Community High School,Alder
Alderbrook Leading Edge School and Arts College,Alderbrook
Aldercar Community Language College,Aldercar
Alderman White School and Language College,Alderman White
Aldridge School - A Science College,Aldridge School
All Saints Catholic School Mansfield NG19 6BW,All Saints
Ansford School,Ansford
Archbishop Beck Catholic Sports College,Archbishop Beck
Archbishop Sentamu Academy,Archbishop Sentamu
Arden Academy,Arden
Arthur Mellows Village College,Arthur Mellows
Ash Manor School,Ash Manor
Ashington High School,Ashington High
Astley Sports College and Community High School,Astley
Aston Academy,Aston Academy
Aston Manor Academy,Aston Manor
Avonbourne School,Avonbourne
Banbury School,Banbury School
Barr Beacon Language College,Barr Beacon
Barr's Hill School and Community College,Barr's Hill
Barrow-in-Furness Sixth Form College,Barrow-in-Furness
Baverstock Foundation School and Specialist Sports College,Baverstock
Beaconsfield High School,Beaconsfield High
Bedford High School,Bedford High
Bedminster Down School,Bedminster Down
Berwick Academy,Berwick Academy
Bexleyheath Academy,Bexleyheath
Bicester Community College,Bicester College
Bideford College,Bideford College
Bishop Challoner Catholic College,Bishop Challoner
Bishop Challoner Catholic Collegiate Boys School,Bishop Challoner Boys
Bishop Challoner Catholic Collegiate Girls School,Bishop Challoner Girls
Bishop Ramsey CofE Voluntary Aided Secondary School,Bishop Ramsey
Bishop Thomas Grant Catholic Secondary School,Bishop Thomas Grant
Blackfen School for Girls,Blackfen
Blatchington Mill School and Sixth Form College,Blatchington Mill
Blessed Thomas Holford Catholic College,Thomas Holford
Bolton Muslim Girls School,Bolton Muslim Girls
Bonus Pastor Catholic College,Bonus Pastor
Bowland High,Bowland High
Bradfield School,Bradfield
Brannel School,Brannel
Brine Leas School,Brine Leas
"Broadgreen International School, A Technology College",Broadgreen International
Burlington Danes Academy,Burlington Danes
Buttershaw Business and Enterprise College,Buttershaw
Calderstones School,Calderstones
Caldew School,Caldew
Caludon Castle School,Caludon Castle
Cannock Chase High School,Cannock Chase High
Canons High School,Canons High
Cantell Maths and Computing College,Cantell
Cardinal Heenan Catholic High School (Liverpool),Cardinal Heenan
Cardinal Wiseman Catholic School and Language College,Cardinal Wiseman
Carlton le Willows Academy,Carlton le Willows
Carmel College,Carmel College
"Carmel College, A Catholic Academy",Carmel College
Carre's Grammar School,Carre's Grammar
Carshalton Boys Sports College,Carshalton Boys
Carshalton High School for Girls,Carshalton High
Castle Manor Business and Enterprise College,Castle Manor
Castle Vale Performing Arts College,Castle Vale
Challney High School for Girls,Challney High Girls
Charles Darwin School,Charles Darwin
Charles Edward Brooke School,Charles Edward Brooke
Charles Thorp Comprehensive School,Charles Thorp
Charter Academy,Charter Academy
Chenderit School,Chenderit
Chichester High School for Girls,Chichester High
Chiltern Edge School,Chiltern Edge
Chiltern Hills Academy,Chiltern Hills
Chipping Sodbury School,Chipping Sodbury
Chiswick Community School,Chiswick School
Christ The King Sixth Form College,Christ The King
Christ the King: St Mary's Sixth Form College,Christ The King
Churchill Community College,Churchill
City and Islington College,City and Islington
City of London Academy (Southwark),City of London
Clacton Coastal Academy,Clacton Coastal
Clacton County High School,Clacton County
Clevedon School,Clevedon
Cockburn School,Cockburn
Cockermouth School,Cockermouth
Colmers School and Sixth Form College,Colmers School
Colne Park High School,Colne Park High
Colton Hills Community School A Specialist Language College,Colton Hills
Conisborough College,Conisborough
Consett Academy,Consett Academy
Coopers Technology College,Coopers
Copland Community School,Copland
Coulsdon Sixth Form College,Coulsdon
Cranford Community College,Cranford
Crawshaw School,Crawshaw
da Vinci Community College,da Vinci
Darlington School of Maths and Science,Darlington School
Darrick Wood School,Darrick Wood
Dartford Technology College,Dartford
Darwen Aldridge Community Academy,Darwen Aldridge
Davenant Foundation School,Davenant
De Lacy Academy,De Lacy
Dene Community School of Technology,Dene
Deyes High School,Deyes High
Didcot Girls' School,Didcot Girls
Didcot Sixth Form College,Didcot Sixth Form
Dorcan Technology College,Dorcan
Downend Comprehensive School,Downend
Dronfield Henry Fanshawe School,DHFS
Droylsden Academy,Droylsden
Dunraven School,Dunraven
Durham Community Business College for Technology and Enterprise,DCBC
Durham Gilesgate Sixth Form,Durham Gilesgate
Durham Gilesgate Sports College,Durham Gilesgate
EACT - Leeds East Academy,EACT
Ealing Hammersmith West London College,EHWLC
Eastlea Community School,Eastlea
Edenham High School,Edenham High
Egglescliffe School,Egglescliffe
Ellowes Hall Sports College,Ellowes Hall
Ely College,Ely College
Endeavour High School,Endeavour High
Enfield Grammar School,Enfield Grammar
Esher College,Esher
Essa Academy,Essa
Failsworth School,Failsworth
Fairfield High School (Bristol),Fairfield High
Farmor's School,Farmor's School
Fazakerley High School,Fazakerley
Featherstone High School,Featherstone
Feltham Community College,Feltham College
Firth Park Community Arts College,Firth Park
Flixton Girls' School,Flixton Girls
Forest Gate Community School,Forest Gate
Forest school,Forest School
Fort Pitt Grammar School,Fort Pitt
Framingham Earl High School,Framingham Earl High
Framwellgate School Durham,Framwellgate
Freman College,Freman College
Friern Barnet School,Friern Barnet
Fulham Cross Girls' School and Language College,Fulham Cross
Furness Academy,Furness
Futures Community College,Futures
Fyndoune Community College,Fyndoune
Gable Hall School,Gable Hall
Gateway Sixth Form College,Gateway
George Green's School,George Green
George Salter Academy,George Salter
Globe Academy,Globe
Gordano School,Gordano
Grace Academy Solihull,Grace Academy
Graveney School,Graveney
Great Barr School,Great Barr
Great Sankey High School,Great Sankey
Great Wyrley Performing Arts High School,Great Wyrley
Greenford High School,Greenford High
Guest School,Guest School
Hall Cross Academy,Hall Cross
Hall Green School,Hall Green
Hampstead School,Hampstead
Hamstead Hall Community Learning Centre,Hamstead Hall
Handsworth Wood Girls' School,HWGS
Haringey Sixth Form Centre,Haringey Sixth Form
Harlow College,Harlow College
Harris Academy Bromley,Harris Academy
Harris Academy Falconwood,Harris Academy
Harris Academy Merton,Harris Academy
Harris City Academy Crystal Palace,Harris Academy
Harris Federation Post 16,Harris Federation
Harrogate Grammar School,Harrogate Grammar
Harton Technology College,Harton
Haverstock School,Haverstock
Haybridge High School,Haybridge High
Haydon School,Haydon
Hayle Community School,Hayle
Hazelwick School,Hazelwick
Heart Of England Sixth Form,Heart of England
Heathfield Community College,Heathfield
Heaton Manor School,Heaton Manor
Helston Community College,Helston
Hemsworth Arts and Community College,Hemsworth College
Hendon School,Hendon School
Hereford Sixth Form College,Hereford Sixth Form
Herne Bay High School,Herne Bay
Hetton School,Hetton
Highdown School and Sixth Form Centre,Highdown School
Hillview School for Girls,Hillview
Holloway School,Holloway School
Holmesdale Technology College,Holmesdale
Holyhead School,Holyhead School
Homewood School and Sixth Form Centre,Homewood
Hounslow Manor School,Hounslow Manor
Hummersknott Academy,Hummersknott
Ian Ramsey Church of England Aided Comprehensive School,Ian Ramsey
Ilford Ursuline High School,Ursuline Academy
Jarrow School,Jarrow School
John Cleveland College,John Cleveland
John Colet School,John Colet
John Leggott Sixth Form College,John Leggott
Joseph Leckie Community Technology College,Joseph Leckie
Ken Stimpson Community School,Ken Stimpson
Kenilworth School and Sports College,Kenilworth School
Kesgrave High School,Kesgrave High
Keswick School,Keswick
Kettering Science Academy,KSA
King Ecgbert School,King Ecgbert
King Edward VI Camp Hill School for Girls,KECHG
King Edward VI Handsworth School,KEHS
King Solomon High School,King Soloman
Kings Heath Boys Mathematics and Computing College,Kings Heath Boys
Kings Lynn Academy,Kings Lynn Academy
Kingsbury High School,KHS
Kingsmead School,Kingsmead
Kingstone High School,Kingstone
Kingswood College of Arts,Kingswood
La Retraite Roman Catholic Girls' School,La Retraite
La Sainte Union School,La Sainte
Laisterdyke Business and Enterprise College,Laisterdyke
Lambeth Academy,Lambeth Academy
Lammas School and Sports College,Lammas
Lampton Academy,Lampton
Launceston College,Launceston College
Lea Valley High School,Lea Valley High
Leytonstone Business and Enterprise Specialist School,Leytonstone School
Lilian Baylis Technology School,Lilian Baylis
Lipson Community College,Lipson College
Little Ilford School,Little Ilford
London Academy,London Academy
Longfield School,Longfield
Lord Grey School,Lord Grey
Lordswood Boys' School,Lordswood Boys
Lordswood Girls' School and Sixth Form Centre,Lordswood Girls
Lutterworth College,Lutterworth
Lyndon School Humanities College,Lyndon School
Lyng Hall School,Lyng Hall
Maltings Academy,Maltings
Malton School,Malton School
Manchester Creative and Media Academy for Boys,MCMA
Manchester Creative and Media Academy for Girls,MCMA
Manchester Enterprise Academy,MEA
Manningtree High School,Manningtree
Maricourt Catholic High School,Maricourt
Marsh Academy,Marsh Academy
Matthew Arnold School,Matthew Arnold
Midhurst Rother College,MRC
Miltoncross School,Miltoncross
Monk's Walk School,Monk's Walk
Monks' Dyke Technology College,Monks' Dyke
Moor End Academy,Moor End
Mount Carmel RC Technology College for Girls,Mount Carmel
Myton School,Myton
Nene Park Academy,Nene Park
New Rickstones Academy,New Rickstones
"Ninestiles School, an Academy",Ninestiles
North Pennine Learning Partnership,NPLP
Northfield School and Sports College,Northfield
Northwood School,Northwood
Notley High School and Braintree Sixth Form,Notley High
Notre Dame Catholic College,Notre Dame
Notre Dame School,Notre Dame
Nottingham University Samworth Academy,NUSA
Nower Hill High School,Nower Hill
Oakwood Park Grammar School,OPGS
Oasis Academy Enfield,Oasis Academy
Orchard School Bristol,Orchard School
Ormiston Bolingbroke Academy,Ormiston Bolingbroke
Otley Prince Henry's Grammar School Specialist Language College,Prince Henry's
Our Lady & St John Catholic College,OLSJ
Overton Grange School,Overton Grange
Paddington Academy,Paddington Academy
Painsley Catholic College,Painsley
Park Hall Academy,Park Hall
Park House School,Park House
Park View,Park View
Park View Business and Enterprise School,Park View
Park View School,Park View
Parklands High School (Liverpool),Parklands
Parliament Hill School,Parliament Hill
Penrice Community College,Penrice
Pensby High School for Boys: A Specialist Sports College,Pensby Boys
Pensby High School for Girls,Pensby Girls
Pent Valley Technology College,Pent Valley
Philip Morant School and College,Philip Morant
Plashet School,Plashet
Plume School,Plume
Plymstock School,Plymstock
Ponteland High School,Ponteland
Portslade Aldridge Community Academy,Portslade
Prendergast Ladywell Fields College,Ladywell Fields
Prendergast-Hilly Fields College,Hilly Fields
President Kennedy School and Community College,President Kennedy
Preston Manor School,Preston Manor
Priory School,Priory
Reading College,Reading College
Reading Girls' School,Reading Girls
Reading School,Reading School
Redden Court School,Redden Court
Reepham High School and College,Reepham High
Retford Post 16 Centre,Retford Post-16
Ricards Lodge High School,Ricards Lodge
Richard Rose Central Academy,RRCA
Richard Rose Morton Academy,RRMA
Richmond Park Academy,Richmond Park
Rickmansworth School,Rickmansworth
Ringwood School,Ringwood
Rivers Academy West London,Rivers Academy
Robert Clack School,Robert Clack
Robertsbridge Community College,Robertsbridge
Roding Valley High School,Roding Valley
Rosedale College,Rosedale
Royal National College for the Blind,RNCB
Rushcliffe School,Rushcliffe
Rydens Enterprise School and Sixth Form College,RES
S.Peter's Collegiate School,St. Peter's
Sackville School,Sackville
Sacred Heart Catholic High School,Sacred Heart
Saint Mark's Church of England Academy,St. Mark's
Saint Mary's Catholic School,St. Mary's
Sale Grammar School,Sale Grammar
Saltash.net community school,Saltash.net
Samuel Ward Academy,Samuel Ward
Sandhurst School,Sandhurst School
Sandwell Academy,Sandwell Academy
Selly Park Technology College For Girls,Selly Park Girls
Sexey's School,Sexey's
Shenfield High School,Shenfield High
Shenley Brook End School,Shenley Brook
Shirebrook Academy,Shirebrook
Shorefields School,Shorefields
Sidney Stringer Academy,Sidney Stringer
Silverdale School,Silverdale
Simon Balle School,Simon Balle
Sion-Manning RC School for Girls,Sion-Manning
Sir Bernard Lovell School,SBL
Sir Harry Smith Community College,Sir Harry's
Sir John Thursby Community College,SJT
Sir Robert Pattinson Academy,RPA
Skinners' Academy,Skinners
Slough and Eton CofE Business and Enterprise College,Slough and Eton
Slough Grammar School,Slough Grammar
Small Heath School,Small Heath
Solway Community Technology College,Solway
South Axholme Community School,South Axholme
South Bromsgrove Community High School,South Bromsgrove
South Camden Community School,South Camden
"South Craven School, the Technology and Engineering College",South Craven
South Wolds Community School,South Wolds
South Worcestershire College,SWC
Sowerby Bridge High School,Sowerby Bridge
St Alban's Academy,St. Alban's
St Angela's and St Bonaventure's 6th Form,St Angela's
St Anselm's Catholic School,St. Anselms's
St Bede's Catholic School & Sixth Form College,St. Bede's
St Benedict's Catholic School,St. Benedict's
St Bernard's High School,St. Bernard's
St Catherine's Catholic School for Girls,St. Catherine's
St Charles Catholic Sixth Form College,St. Charles
St Dominic's Sixth Form College,St. Dominic's
St Edmund's School,St. Edmund's
St John Bosco Arts College,St. John's
St John Fisher Catholic High School (Dewsbury),St. John's
St John Plessington Catholic College,St. John's
St John the Baptist RC Secondary School,St. John's
St John's Catholic School & Sixth Form Centre,St. John's
St Joseph's RC Comprehensive School,St. Joseph's
St Julies Catholic High School,St. Julie's
St Laurence School,St. Laurence
St Leonard's Roman Catholic Voluntary Aided Comprehensive School,St. Leonard's
St Matthew Academy,St. Matthew's
St Paul's Catholic College (Sunbury-on-Thames),St. Paul's
St Peter's RC High School and Sixth Form College,St. Peter's
St Saviour's and St Olave's Church of England School,SSSO
St Simon Stock Catholic School,St. Simon's
St. Anthony's Girls' Catholic Academy,St. Anthony's
St. Bede's Catholic School & Sixth Form College,St. Bede's
St. Hilds Church of England School,St. Hilds
Steyning Grammar School Sixth Form College,Steyning
Stoke Newington School and Sixth Form,SNS
Strode's College,Strode's College
Sydenham School,Sydenham
Tendring Technology College,Tendring
Teesdale School,Teesdale
Test School,
Thamesview,Thamesview
The Academy at Shotton Hall,Shotton Hall
The Barclay School,Barclay School
The Bluecoat Academy,Bluecoat
The Bridge Academy,Bridge Academy
The Brittons Academy Trust,Brittons Academy
The Bulwell Academy,Bulwell Academy
The Bushey Academy,Bushey Academy
The Business Academy Bexley,Business Academy
The Campion School,Campion
The Carlton Academy,Carlton
The Castle School (Bristol),Castle School
The Challenge College,Challenege College
The City Academy Bristol,City Academy
The Co-operative Academy of Leeds,CAL
The Commonweal School,Commonweal
The Corbet School Technology College,Corbet
The Denes High School,Denes
The Derby High School,Derby High
The Downs School,Downs
The Dukeries College,Dukeries
The Education Village,Education Village
The English Martyrs School and Sixth Form College,English Martyrs
The Fallibroome Academy,Fallibroome
The Forest School,The Forest School
The Gilberd School,Gilberd
The Grange School (Aylesbury),Grange
The Green School,Green School
The Harefield Academy,Harefield
Harwich and Dovercourt High School,Harwich
The Heath School,Heath School
The Henry Box School,Henry Box
The Hermitage Academy,The Hermitage
The Hollins Technology College,Hollins
The Holy Family Catholic School,Holy Family
The Holy Family Technology College,Holy Family
The Isle of Sheppey Academy,Isle of Sheppey
Jo Richardson Community School,Jo Richardson
The John Roan School,John Roan
The John Warner School,John Warner
The King Edward VI School,KES
"The King Edward VI School, Morpeth",KES
The Kings of Wessex Academy,Kings of Wessex
The Kingswinford School & Science College,Kingswinford
The Knights Templar School,Knights Templar
The Langley Academy,Langley
The Leventhorpe Academy,Leventhorpe
The London Oratory School,London Oratory
The Mary Webb School and Science College,Mary Webb
The Mirfield Free Grammar and Sixth Form,Mirfield
The Mirus Academy,Mirus
The Neville Lovett Community School,Neville Lovett
The Norton Knatchbull School,Norton Knatchbull
The Oldham Academy North,Oldham Academy
The Piggott School,Piggott
The Pingle School,Pingle
The Quest Academy,Quest
The Regis School,Regus
"The Royal Grammar School, High Wycombe",RGSHW
The RSA Academy,RSA
The Skinners' Kent Academy,Skinners
The St Marylebone CofE School,St. Marylebone
The Swinton High School,Swinton High
The Trinity Catholic School,Trinity
The Warwick School,Warwick School
The West Somerset Community College,West Somerset
The Whitby High School,Whitby High
The Windsor Boys' School,Windsor Boys
The Wye Valley School,Wye Valley
Theale Green Community School,Theale Green
Thomas More Catholic School,Thomas More
Thomas Rotherham College,Thomas Rotherham
Thomas Tallis School,Thomas Tallis
Thornhill School Business & Enterprise College,Thornhill
Thorpe St Andrew School,Thorpe St. Andrew
Toot Hill School,Toot Hill
Tring School,Tring School
Trinity School,Trinity
Tudhoe Grange School,Tudhoe Grange
Tudor Grange Academy Worcester,Tudor Grange
Tupton Hall School,Tupton Hall
Ulverston Victoria High School,Victoria High
Uplands Community College,Uplands
Uxbridge High School,Uxbridge High
Wadham School,Wadham School
Wakefield City Academy,WCA
Walbottle Campus,Walbottle
Walderslade Joint Sixth Form,Walderslade
Wallington High School for Girls,Wallington
Walsall Academy,Walsall Academy
Walworth Academy,Walworth Academy
Warminster Kingdown,Kingdown
Washington School,Washington School
Watford Grammar School for Girls,Watford Girls
Waverley School,Waverley
Weavers School,Weavers
"Wednesfield High School, A Specialist Engineering College",Wednesfield High
West Derby School,West Derby
West Hatch High School,West Hatch
Westcliff High School for Girls,Westcliff Girls
Westminster Academy,Westminster
Wexham School,Wexham School
Whalley Range 11-18 High School and Business and Enterprise College,Whalley Range
Whickham School,Whickham
Whitburn Church of England Academy,Whitburn
William Ellis School,William Ellis
Windsor Girls' School,Windsor Girls
Woldgate College,Woldgate College
Woodlands Community College,Woodlands
Worden Sports College,Worden College
Worle Community School,Worle
Wreake Valley Community College,Wreake Valley
Yardleys School,Yardleys
Yewlands Technology College,Yewlands
